{
  "1": 0.013409661057839261,
  "2": 0.014745870226661203,
  "3": 0.015169408540686265,
  "4": 0.015026427111833256,
  "5": 0.015052326347741523
}